id,date,image,tags,project_url,caption,resolution,,https://script.google.com/u/0/home/projects/1GPsKSg1ipb4WJSjiYzCKSBVxh6KBv3esRBxa2aawCiD-jbVFR_PZWpF_/edit,dominantHue,secondaryHue,weight,saturation
CorpseMetal,"Mar 6, 2026",https://SborNutra.github.io/gallery01/assets/pics/CorpseMetal-1620x2880.jpg,"3d, Abstract",,,1620x2880,,,345,15,0.0504,0.349
DarkStar,"Feb 25, 2026",https://SborNutra.github.io/gallery01/assets/pics/DarkStar-1500x1500.jpg,"3d, Abstract",,,1500x1500,,,0,0,0,0
MatStudy,"Apr 17, 2025",https://SborNutra.github.io/gallery01/assets/pics/MatStudy-1080x1920.png,"3d, Abstract",,,1080x1920,,,240,204,0.0398,0.8042
Scribble,"Jan 1, 2026",https://SborNutra.github.io/gallery01/assets/pics/Scribble-1500x1500.jpg,"2d, Abstract",,,1500x1500,,,68,206,0.0629,0.6067
WiggleCircle,"Feb 11, 2026",https://SborNutra.github.io/gallery01/assets/pics/WiggleCircle-1080x1920.webm,"2d, Motion",,,1080x1920,,,60,180,0.3442,0.8893
alinom1,"Dec 5, 2024",https://SborNutra.github.io/gallery01/assets/pics/alinom1-1700x1000.jpg,"3d, Abstract",,,1700x1000,,,246,264,0.0585,0.651
alinom2,"Dec 5, 2024",https://SborNutra.github.io/gallery01/assets/pics/alinom2-1700x1000.jpg,"3d, Abstract",,,1700x1000,,,228,248,0.099,0.6686
bacteria1,"Nov 4, 2025",https://SborNutra.github.io/gallery01/assets/pics/bacteria1-1000x1000.jpg,"2d, Abstract, Generative",,,1000x1000,,,0,0,0,0
bacteria2,"Nov 4, 2025",https://SborNutra.github.io/gallery01/assets/pics/bacteria2-1080x1920.jpg,"2d, Abstract, Generative",,,1080x1920,,,0,0,0,0
bacteria3,"Nov 4, 2025",https://SborNutra.github.io/gallery01/assets/pics/bacteria3-1000x1000.jpg,"2d, Abstract, Generative",,,1000x1000,,,299,329,0.1345,0.6982
balls,"Sep 21, 2025",https://SborNutra.github.io/gallery01/assets/pics/balls-1000x1000.jpg,"3d, Abstract",,,1000x1000,,,200,218,0.041,0.7329
brelok,"Sep 23, 2025",https://SborNutra.github.io/gallery01/assets/pics/brelok-1080x1920.jpg,"3d, Illustration",,,1080x1920,,,355,10,0.1077,0.6354
button,"Jul 13, 2025",https://SborNutra.github.io/gallery01/assets/pics/button-1000x562.jpg,"3d, Illustration",,,1000x562,,,205,188,0.1488,0.6347
bw,"May 11, 2025",https://SborNutra.github.io/gallery01/assets/pics/bw-1080x1355.jpg,"2d, Abstract, Generative",,,1080x1355,,,0,0,0,0
bw1,"May 11, 2025",https://SborNutra.github.io/gallery01/assets/pics/bw1-642x909.jpg,"2d, Abstract, Generative",,,642x909,,,0,0,0,0
bw2,"May 11, 2025",https://SborNutra.github.io/gallery01/assets/pics/bw2-642x909.jpg,"3d, Abstract, Generative",,,642x909,,,0,0,0,0
bw3,"May 11, 2025",https://SborNutra.github.io/gallery01/assets/pics/bw3-1052x990.jpg,"2d, Abstract, Generative",,,1052x990,,,0,0,0,0
chair1,"Aug 27, 2025",https://SborNutra.github.io/gallery01/assets/pics/chair1-1000x1000.jpg,"3d, Illustration",,,1000x1000,,,222,203,0.0537,0.7505
clown,"Jan 15, 2024",https://SborNutra.github.io/gallery01/assets/pics/clown-1000x1500.jpg,"3d, Illustration",,,1000x1500,,,51,25,0.0717,0.2598
cyany,"Aug 20, 2025",https://SborNutra.github.io/gallery01/assets/pics/cyany-1080x1080.jpg,"2d, Abstract",,,1080x1080,,,60,195,0.3927,0.8051
cyany1,"Aug 20, 2025",https://SborNutra.github.io/gallery01/assets/pics/cyany1-1080x1080.jpg,"2d, Abstract",,,1080x1080,,,60,194,0.7659,0.6652
cyany2,"Aug 20, 2025",https://SborNutra.github.io/gallery01/assets/pics/cyany2-1080x1080.jpg,"2d, Abstract",,,1080x1080,,,194,60,0.3212,0.7459
eye1,"Aug 27, 2025",https://SborNutra.github.io/gallery01/assets/pics/eye1-1000x1000.jpg,"3d, Abstract",,,1000x1000,,,205,227,0.053,0.5855
grayGate,"Jan 19, 2026",https://SborNutra.github.io/gallery01/assets/pics/grayGate-1249x1156.jpg,"2d, Abstract",,,1249x1156,,,0,0,0,0
landDisplace,"Jul 29, 2025",https://SborNutra.github.io/gallery01/assets/pics/landDisplace-1920x1080.webm,"3d, Abstract, Generative, Motion",,,1920x1080,,,240,215,0.1023,0.9848
octopus,"Sep 21, 2025",https://SborNutra.github.io/gallery01/assets/pics/octopus-1080x1920.jpg,"3d, Abstract, Generative",,,1080x1920,,,237,216,0.4708,0.2415
piano,"Dec 7, 2022",https://SborNutra.github.io/gallery01/assets/pics/piano-1000x1000.jpg,"3d, Illustration",,,1000x1000,,,39,63,0.0249,0.9239
portrait1,"Feb 7, 2026",https://SborNutra.github.io/gallery01/assets/pics/portrait1-2511x2902.jpg,"2d, Illustration",,,2511x2902,,,328,184,0.214,0.6475
portrait3,"Feb 8, 2026",https://SborNutra.github.io/gallery01/assets/pics/portrait3-2480x3508.jpg,"2d, Illustration",,,2480x3508,,,35,90,0.2676,0.9248
rainbow1,"Mar 25, 2025",https://SborNutra.github.io/gallery01/assets/pics/rainbow1-1000x1000.jpg,"3d, Abstract, Generative",,,1000x1000,,,33,61,0.0189,0.6006
rainbow2,"Mar 26, 2025",https://SborNutra.github.io/gallery01/assets/pics/rainbow2-1000x1000.jpg,"3d, Abstract, Generative",,,1000x1000,,,38,62,0.0185,0.9148
rainbow2,"Mar 17, 2025",https://SborNutra.github.io/gallery01/assets/pics/rainbow2-560x990.jpg,"3d, Abstract, Generative",,,560x990,,,60,38,0.0726,0.9969
rainbow3,"Mar 20, 2025",https://SborNutra.github.io/gallery01/assets/pics/rainbow3-1000x1000.jpg,"3d, Abstract, Generative",,,1000x1000,,,47,31,0.0265,0.9537
rainbow3,"Mar 20, 2025",https://SborNutra.github.io/gallery01/assets/pics/rainbow3-560x990.jpg,"3d, Abstract, Generative",,,560x990,,,0,37,0.0482,0.9704
rainbow4,"Mar 21, 2025",https://SborNutra.github.io/gallery01/assets/pics/rainbow4-560x990.jpg,"3d, Abstract, Generative",,,560x990,,,39,57,0.0189,0.9952
rainbow5,"Mar 20, 2025",https://SborNutra.github.io/gallery01/assets/pics/rainbow5-560x990.jpg,"3d, Abstract, Generative",,,560x990,,,281,325,0.0398,0.9823
rainbow6,"Mar 20, 2025",https://SborNutra.github.io/gallery01/assets/pics/rainbow6-820x1000.jpg,"3d, Abstract, Generative",,,820x1000,,,30,60,0.037,0.9903
rainbowPiece,"Mar 27, 2025",https://SborNutra.github.io/gallery01/assets/pics/rainbowPiece-540x540.jpg,"3d, Abstract",,,540x540,,,146,32,0.3591,0.9956
scent1,"Dec 22, 2022",https://SborNutra.github.io/gallery01/assets/pics/scent1-1400x1000.jpg,"3d, Illustration",,,1400x1000,,,127,109,0.1012,0.7815
shiftfield,"Apr 7, 2025",https://SborNutra.github.io/gallery01/assets/pics/shiftfield-1080x1920.jpg,"2d, Abstract, Generative",,,1080x1920,,,224,266,0.0282,0.6565
shiftfield1,"Apr 7, 2025",https://SborNutra.github.io/gallery01/assets/pics/shiftfield1-1080x1920.jpg,"2d, Abstract, Generative",,,1080x1920,,,244,51,0.0264,0.9587
shiftfield2,"Apr 7, 2025",https://SborNutra.github.io/gallery01/assets/pics/shiftfield2-1080x1920.jpg,"2d, Abstract, Generative",,,1080x1920,,,239,47,0.0287,0.9525
space1,"Sep 21, 2025",https://SborNutra.github.io/gallery01/assets/pics/space1-1000x1000.jpg,"3d, Abstract",,,1000x1000,,,288,241,0.0221,0.7208
spaceship1,"Jul 22, 2025",https://SborNutra.github.io/gallery01/assets/pics/spaceship1-1000x1000.jpg,"3d, Illustration",,,1000x1000,,,184,38,0.7253,0.2943
spaceship2,"Jul 22, 2025",https://SborNutra.github.io/gallery01/assets/pics/spaceship2-1080x1920.jpg,"3d, Illustration",,,1080x1920,,,0,0,0,0
star1,"Sep 21, 2025",https://SborNutra.github.io/gallery01/assets/pics/star1-1000x1000.jpg,"3d, Abstract",,,1000x1000,,,223,203,0.068,0.8743
tBank,"Aug 20, 2025",https://SborNutra.github.io/gallery01/assets/pics/tBank-1500x1200.jpg,"3d, Illustration",,,1500x1200,,,54,36,0.7639,0.9306
targetRainbow,"Aug 16, 2025",https://SborNutra.github.io/gallery01/assets/pics/targetRainbow-1000x1000.jpg,"3d, Abstract",,,1000x1000,,,0,49,0.0382,0.9739
targetRainbow2,"Aug 16, 2025",https://SborNutra.github.io/gallery01/assets/pics/targetRainbow2-1000x1000.jpg,"3d, Abstract",,,1000x1000,,,120,0,0.0434,1
volume1,8/27/2025,https://SborNutra.github.io/gallery01/assets/pics/volume1-1000x1000.jpg,"3d, Abstract",,,1000x1000,,,213,183,0.0281,0.8196
zorcheCover2,12/3/2025,https://SborNutra.github.io/gallery01/assets/pics/zorcheCover2-1000x1000.jpg,2d,,,1000x1000,,,0,0,0,0
,,assets/pics/CorpseMetal-1000x1691.jpg,,,,,,,211,193,0.0617,0.2735
